image_name,AudioTime,TeacherTime ,StudentTime ,StudentRate,STSilent,TeacherMean,StudentMean,TeacherQuarter,TeacherMedian,TeacherThreeQuarters,TeacherStd,StudentQuarter,StudentMedian,StudentThreeQuarters,StudentStd,Interaction,value
2026108736-1599050979,3837,1249,68,0.051632498,593,2.088628763,1.236363636,1,1,2,1.818526782,1,1,1,0.576182724,13,0
2026108736-1599562179,7198,2245,431,0.161061286,1246,1.933677864,1.446308725,1,1,2,1.565218172,1,1,2,0.695441965,78,0
2026108736-1599645750,7559,2309,9,0.003882657,426,5.407494145,1.285714286,1,3,7,5.934520642,1,1,1.5,0.487950036,4,0
2026108736-1600772405,3329,1235,190,0.133333333,535,2.450396825,1.544715447,1,2,3,1.907794997,1,1,2,1.11804889,31,0
2026108736-1602071372494,593,123,123,0.5,77,1.268041237,1.255102041,1,1,2,0.445240195,1,1,1,0.482929729,41,0
2026162402-1598959142,2823,385,91,0.191176471,281,1.486486486,1.151898734,1,1,2,0.886379936,1,1,1,0.361216165,24,0
2026162402-1599273561,5761,386,179,0.316814159,190,1.388489209,1.26056338,1,1,2,0.652800591,1,1,2,0.440495811,17,0
2026162402-1600173221,5243,2083,94,0.043178686,825,2.485680191,1.220779221,1,2,3,2.218454197,1,1,1,0.528736742,24,0
2026189769-1600514417858,1969,591,301,0.337443946,287,2.066433566,2.736363636,1,1,3,1.53980833,1,1,3,4.965342773,28,2
2026194430-1591612397172,3639,1024,405,0.283414976,416,2.813186813,2.025,1,2,3,2.640694824,1,1,2,1.749192204,60,2
2026198050-1591699733,4247,1315,742,0.360719494,489,3.442408377,2.363057325,1,2,5,2.97153291,1,1,3,2.196869298,61,2
2026199503-1591093220947,4959,984,643,0.3952059,523,2.954954955,1.984567901,1,2,4,2.651621648,1,1,2,1.518638423,65,2
2026202792-1591272217037,3010,1083,194,0.151918559,502,2.289640592,1.310810811,1,1,3,2.154675267,1,1,1,0.678647628,34,2
2026204955-1591012474095,3792,1557,640,0.291306327,584,3.005791506,2.68907563,1,2,4,2.739136314,1,2,3,2.615268053,40,2
2026207064-1591093826202,7228,1739,975,0.359248342,801,2.725705329,1.989795918,1,2,3,2.547199168,1,1,2,1.709440275,116,2
2026214892-1598955734,3011,271,160,0.371229698,246,1.272300469,1.134751773,1,1,1,0.659497281,1,1,1,0.434574639,37,0
2026214892-1599477436,7066,1991,596,0.230382683,1234,1.816605839,1.262711864,1,1,2,1.60766934,1,1,1,0.499306799,172,0
2026214892-1600337362,6713,2417,508,0.173675214,970,2.530890052,1.485380117,1,2,3,2.055273613,1,1,2,1.124802883,101,0
2026219341-1591611429805,3892,994,458,0.315426997,484,2.679245283,1.584775087,1,2,3,2.565272331,1,1,2,1.003765498,73,2
2026222064-1599050079212,415,89,125,0.58411215,73,1.271428571,1.582278481,1,1,1.75,0.479172855,1,1,2,0.981986408,32,0
2026224555-1592303812898,3831,1610,414,0.204545455,656,2.527472527,2.15625,1,2,3,2.271912595,1,1,3,2.103739503,67,2
2026228831-1591097525,4889,1829,436,0.192494481,637,2.767019667,1.602941176,1,2,3,2.847678754,1,1,2,1.647000681,67,2
2026228831-1592118853868,3967,1628,276,0.144957983,700,2.448120301,1.693251534,1,2,3,1.987331925,1,1,2,1.393686329,46,2
2026229676-1600428741910,4162,1077,895,0.453853955,537,3.273556231,2.647928994,1,2,4,3.341069248,1,2,3,2.425815382,47,2
2026229676-1617602622119,3558,674,278,0.292016807,289,2.868085106,1.853333333,1,2,3,3.199165649,1,1.5,2,1.14333004,29,0
2026230233-1592133956311,6844,2898,311,0.096914927,975,3.198675497,1.312236287,1,2,4,3.105553466,1,1,1,0.606792466,42,2
2026237904-1591790921050,2413,785,313,0.285063752,376,2.098930481,1.469483568,1,2,2,1.66604601,1,1,2,1.187695651,56,2
2026239669-1591005626328,688,227,102,0.310030395,104,2.121495327,1.397260274,1,1,2,1.789435878,1,1,2,0.701975902,22,2
2026239669-1591009132263,4495,2057,515,0.200233281,773,2.817808219,2.239130435,1,2,4,2.751921263,1,1,3,2.085349003,59,2
2026239669-1591270887478,4867,1801,776,0.30112534,799,2.320876289,2.026109661,1,1,3,2.40351941,1,1,2,1.743904045,102,2
2026239669-1591700437082,6457,2422,646,0.210560626,1050,2.149068323,1.527186761,1,1,2,2.014370336,1,1,2,1.167730971,155,2
2026239669-1592304865431,4150,978,1230,0.557065217,587,2.243119266,2.303370787,1,2,3,1.960664535,1,2,2.75,2.291535093,103,2
2026240734-1591009951201,3539,1211,360,0.229153405,517,2.319923372,1.525423729,1,2,3,1.899374984,1,1,2,0.965021128,77,2
2026240734-1591610635984,5983,1632,554,0.253430924,639,2.775510204,1.747634069,1,2,3,2.862066821,1,1,2,1.558775409,64,2
2026240734-1591783899948,4480,1572,828,0.345,667,2.624373957,1.87755102,1,2,3,2.531567964,1,1,2,1.816207184,98,2
2026334223-1591354872959,4004,1236,294,0.192156863,541,2.602105263,1.25106383,1,2,3,2.584356499,1,1,1,0.570601849,61,2
2026346504-1591010635662,1257,472,158,0.250793651,216,2.126126126,1.755555556,1,2,3,1.620664727,1,1,2,1.455799029,37,2
2036156264-1591094205881,3961,1566,264,0.144262295,526,2.821621622,1.5,1,2,3,2.915581365,1,1,1,1.469693846,84,2
2036174034-1617110573,2211,934,367,0.282090699,420,2.747058824,1.941798942,1,2,4,2.026554583,1,1,2,2.329687894,83,2
2036187133-1617106583647,1934,853,180,0.174249758,309,2.640866873,1.525423729,1,2,3,2.749557027,1,1,2,1.067882836,45,2
2036194122-1600860249493,4646,1426,1039,0.421501014,702,2.238618524,3.101492537,1,2,3,1.858065025,1,1,4,3.806136415,81,2
2036201042-1615381088979,3867,926,1472,0.613844871,503,3.215277778,4.242074928,1,2,4,2.907788878,1,3,6,3.962857068,28,0
2036217146-1592306495957,5718,1803,397,0.180454545,788,2.391246684,1.327759197,1,2,3,2.036709005,1,1,1,0.772600417,86,2
2036236435-1591611632765,5394,1670,647,0.279240397,727,2.929824561,1.767759563,1,2,4,2.398444495,1,1,2,1.31925629,74,2
2036238066-1621643412,3635,1389,322,0.188194039,627,2.475935829,1.586206897,1,2,3,1.684978345,1,1,2,1.491297162,88,2
2036238066-1621648857,2382,841,207,0.197519084,400,2.242666667,1.556390977,1,2,3,1.518968596,1,1,2,1.183302606,58,2
2036249617-1618103603938,2805,876,361,0.291835085,511,1.977426637,1.504166667,1,1,2,1.482762393,1,1,2,0.858128335,68,2
2036253702-1623240451480,5498,1931,821,0.298328488,829,2.456743003,1.954761905,1,2,3,2.144769749,1,1,2,1.736963359,137,2
2036254772-1607600229726,2457,974,38,0.037549407,88,11.87804878,2.923076923,1,2,7,46.936624,1,2,4,2.596842264,0,0
2036255476-1617584393503,5241,2004,410,0.169842585,514,3.711111111,2.019704433,1,2,5,4.191814033,1,1,2,2.634426669,48,2
2036255987-1591611050230,4234,1568,474,0.232125367,668,2.684931507,2.235849057,1,2,3,2.342107434,1,1.5,3,1.94498693,41,2
2036257896-1592131420307,5665,2103,199,0.086446568,741,2.749019608,1.300653595,1,2,4,2.509618086,1,1,1,0.679444116,56,2
2036258944-1617451843946,2508,827,369,0.308528428,419,2.685064935,2.027472527,1,2,3,2.147986936,1,1,3,1.623145159,47,2
2036267044-1599371901674,4680,2099,405,0.161741214,783,2.825033647,1.701680672,1,2,4,2.557493712,1,1,2,1.186811009,75,2
2036267963-1617370641023,1011,485,104,0.176570458,179,3.129032258,1.762711864,1,2,4,2.861998388,1,1,2,1.745328573,17,2
2036270553-1618490073,3418,596,303,0.337041157,292,3.088082902,1.751445087,1,2,3,3.358371529,1,1,2,1.131761692,22,0
2036271848-1617364882607,3645,892,783,0.467462687,514,2.82278481,2.533980583,1,2,3,2.717419381,1,2,3,2.767443616,55,2
2036272793-1592121618162,8083,2940,1050,0.263157895,1444,2.258064516,1.794871795,1,2,3,1.787584288,1,1,2,1.443801474,208,2
2036277766-1591272332,3303,1257,428,0.254005935,522,2.367231638,1.732793522,1,2,3,1.975027982,1,1,2,1.403196659,71,2
2036281263-1621759099589,1183,353,210,0.373001776,169,2.7578125,2,1,2,4,2.670179721,1,1,2,2.453412067,20,2
2036281295-1617276572,2715,748,642,0.461870504,476,1.87,2.183673469,1,1,2,1.281485667,1,1,2,2.599607238,96,2
2036281884-1618833008,2963,1182,229,0.162296244,510,2.345238095,1.516556291,1,2,3,1.997975402,1,1,2,1.290241862,57,2
2036283101-1615897913491,3255,418,547,0.566839378,355,2.662420382,2.13671875,1,2,3,2.268949096,1,1,2,2.082809983,13,0
2036283256-1592138865452,4025,1162,319,0.215395003,566,2.082437276,1.430493274,1,1,3,1.64005511,1,1,1,1.163778882,88,2
2036283448-1591783318938,1194,312,165,0.34591195,181,1.937888199,1.853932584,1,1,2,1.486141989,1,1,2,1.695921322,23,2
2036284288-1620826948,2234,1005,132,0.116094987,449,2.342657343,2.4,1,2,3,1.882425714,1,1,2,3.364300599,16,2
2036284361-1618228400,6553,3250,403,0.110320285,1184,2.726510067,1.334437086,1,2,3,2.517252357,1,1,1,0.699363389,111,2
2036287325-1604725570661,2314,798,265,0.24929445,377,2.162601626,2.054263566,1,1,3,1.912660836,1,1,2,2.937659776,35,2
2036287454-1617590608,636,206,70,0.253623188,95,2.145833333,1.52173913,1,2,2,2.238322524,1,1,2,0.88792218,16,0
2036288152-1591009565,4184,935,531,0.362210095,452,2.506702413,2.540669856,1,2,3,2.045998747,1,1,2,3.017500483,38,2
2036288152-1591702015,4629,2035,286,0.123222749,753,2.68469657,2.234375,1,2,3,2.327153618,1,1,2,2.315590348,39,2
2036290398-1591093699869,8214,3737,1426,0.27619601,1146,3.733266733,2.83499006,1,2,5,4.231758762,1,2,3,3.091984295,175,2
2036291161-1599567171247,1731,666,358,0.349609375,259,3.141509434,2.864,1,2,4,2.973623954,1,2,3,3.399108042,40,2
2036292031-1620652042367,2327,990,228,0.187192118,463,2.175824176,1.948717949,1,2,3,1.501786063,1,1,2,2.806538406,52,2
2036294006-1621343312007,1302,498,126,0.201923077,226,2.203539823,1.465116279,1,2,3,2.022800224,1,1,1,1.195065092,34,2
2036294342-1622806535001,2340,1124,329,0.22642808,364,3.458461538,2.164473684,1,3,4,2.842951665,1,1,2,2.166708001,59,2
2036294874-1598960507096,3147,1100,444,0.287564767,539,2.263374486,1.78313253,1,2,3,2.017596848,1,1,2,2.053998026,63,2
2036295272-1622631585236,4887,707,533,0.42983871,405,2.783464567,1.917266187,1,1,3,3.308326154,1,1,2,1.845178244,48,0
2036296902-1617280975945,3130,1184,421,0.262305296,502,2.391919192,2.405714286,1,2,3,1.985762928,1,1,2,3.68609868,65,2
2036296902-1617881174749,3241,1127,859,0.432527694,507,2.796526055,3.35546875,1,2,4,2.266627416,1,2,4,3.965860361,94,2
2036296902-1618920557954,3558,1413,548,0.279449261,649,2.440414508,2.007326007,1,2,3,1.896406318,1,1,2,2.263834387,115,2
2036297157-1618037695311,1847,863,183,0.174952199,269,3.37109375,2.472972973,1,2,4,3.165838546,1,1,2,3.273902506,21,2
2036299123-1591006076738,5184,2223,415,0.157316149,824,2.511864407,1.976190476,1,2,3,2.182593994,1,1,2,2.590820151,72,2
2036302123-1591701181797,4866,1645,368,0.182811724,622,2.82161235,1.744075829,1,2,3,2.731843431,1,1,2,1.171446186,62,2
2036305396-1606309062878,3602,1701,93,0.051839465,327,5.154545455,1.309859155,1,2,4,13.34247488,1,1,1,0.623161279,18,0
2036305396-1606395158635,3521,1022,99,0.088314005,407,2.878873239,1.596774194,1,2,4,2.510875525,1,1,2,1.476145595,3,0
2036305803-1591009760342,3428,1177,606,0.339876612,512,2.553145336,2.082474227,1,2,3,2.024817726,1,1,3,1.920866021,64,2
2036307226-1591005611,13560,2885,2857,0.497561825,2061,2.002081888,1.712829736,1,1,2,1.504390278,1,1,2,1.041849402,344,2
2036307226-1621335222,6488,3132,429,0.120471778,301,4.878504673,2.145,1,3,6,5.555355158,1,1,2,2.310990781,43,0
2036307226-1621425312,7556,1943,1049,0.350601604,811,2.844802343,1.748333333,1,2,3,4.351753118,1,1,2,1.234586663,154,0
2036310329-1609073976029,1088,352,187,0.346938776,154,2.957983193,2.671428571,1,2,4,2.738287718,1,2,3,2.882839927,12,2
2036310813-1615379390760,3442,703,568,0.446892211,325,3.8,2.308943089,1,2,5,3.92012644,1,2,3,1.897926178,29,0
2036310813-1615466246695,3045,480,426,0.470198675,254,3.555555556,1.945205479,1,2,4,3.627561713,1,1,2,1.929184913,16,0
2036310813-1615631291676,11364,1627,2063,0.559078591,1238,3.099047619,2.036525173,1,2,4,3.065085806,1,1,2,1.808972086,62,0
2036310813-1615985050769,3391,508,396,0.438053097,271,3.155279503,2.275862069,1,2,4,2.816378451,1,1,3,2.248645862,17,0
2036310813-1616930688772,5206,399,969,0.708333333,586,2.912408759,1.811214953,1,2,4,2.916672289,1,1,2,1.559033547,12,0
2036310813-1616936162245,3196,513,404,0.440567067,297,3.375,1.584313725,1,2,4,2.94724588,1,1,2,1.079401363,14,0
2036310813-1617021792792,4789,436,1062,0.70894526,625,2.202020202,1.856643357,1,1,2.75,2.067293274,1,1,2,1.335389745,30,0
2036310813-1618052506689,3392,306,525,0.631768953,371,1.987012987,1.715686275,1,1,2,2.073760794,1,1,2,1.260060766,25,0
2036310813-1618055984324,6818,1341,1135,0.458400646,708,3.040816327,1.807324841,1,2,3,3.214054826,1,1,2,1.308594036,79,0
2036310968-1601813972504,4768,984,1236,0.556756757,700,2.466165414,2.447524752,1,2,3,2.361379608,1,2,3,2.388322868,56,2
2036312555-1617109631235,3478,1534,697,0.312415957,569,3.306034483,2.534545455,1,2,4,2.860524164,1,1,3,3.229891084,128,2
2036312980-1622117310150,5124,1796,536,0.229845626,553,2.910858995,1.444743935,1,2,3,3.686606428,1,1,2,0.656808933,128,2
2036317832-1617714851636,3236,1453,393,0.212892741,577,2.815891473,2.195530726,1,2,4,2.324838314,1,1,3,2.177717113,32,2
2036320256-1621763303185,2147,882,224,0.202531646,388,2.722222222,1.503355705,1,2,3,2.787077655,1,1,2,1.004208449,49,2
2036320260-1615978059705,3407,1183,275,0.18861454,467,2.366,1.470588235,1,2,3,2.204941617,1,1,2,0.818430951,67,2
2036321562-1617107386,2310,552,466,0.457760314,378,1.652694611,1.579661017,1,1,2,0.945532525,1,1,2,1.094012719,83,2
2036322201-1607512011376,3777,1230,415,0.252279635,583,2.16168717,1.820175439,1,2,3,1.695647276,1,1,2,1.657484949,51,2
2036323560-1591013607422,2360,996,306,0.235023041,417,2.360189573,2.28358209,1,2,3,2.013759784,1,1,2,2.628965148,47,2
2036323560-1623153942102,3407,1640,442,0.212295869,573,3.129770992,2.29015544,1,2,4,2.92322917,1,1,2,3.053133035,68,2
2036325004-1591011047431,3710,1652,252,0.132352941,548,2.987341772,1.555555556,1,2,3,3.352727473,1,1,2,1.147506072,48,2
2036325795-1615379537393,2422,234,183,0.438848921,157,2.571428571,1.742857143,1,2,3,2.119448865,1,1,2,1.293687124,12,0
2036327711-1618317922365,1798,686,100,0.127226463,243,3.03539823,1.492537313,1,2,4,2.782258726,1,1,2,0.704383124,11,2
2036329619-1603283582442,2220,757,241,0.241482966,251,2.742753623,1.785185185,1,2,3,3.029992804,1,1,2,1.148556428,32,2
2036332175-1621127321634,8879,3933,1423,0.265683346,1107,4.399328859,3.754617414,1,3,5,4.976140114,1,2,4,4.803046713,70,2
2036333280-1616227347415,1996,780,332,0.298561151,321,2.328358209,2.184210526,1,2,3,2.007382033,1,1,2,2.276924418,41,2
2036335891-1617583884579,10306,3123,669,0.176424051,959,3.447019868,1.639705882,1,2,4,3.869123697,1,1,2,1.292614406,85,0
2036337453-1617625719982,2621,938,251,0.211101766,445,2.276699029,1.549382716,1,2,3,1.928437658,1,1,2,0.898946721,47,2
2036338405-1618144150845,2765,702,143,0.169230769,373,2.221518987,1.211864407,1,1,3,1.927654773,1,1,1,0.486601592,23,2
2036340378-1621253937864,1622,600,151,0.201065246,317,2.076124567,1.372727273,1,1,2,1.61194032,1,1,2,0.661650576,36,2
2036341991-1617800174963,1686,668,181,0.213191991,154,5.138461538,2.033707865,1,3,6,5.609728325,1,1,3,1.4495253,22,2
2036343256-1617106841952,2236,747,221,0.228305785,375,1.872180451,1.323353293,1,2,2,1.512495029,1,1,2,0.613791899,57,2
2036344915-1610853295796,3963,1343,302,0.183586626,511,2.729674797,1.8875,1,2,3,2.478850149,1,1,2,2.569750251,48,2
2036350731-1617444085011,2488,907,287,0.240368509,426,1.963203463,1.449494949,1,2,2,1.420621644,1,1,1.75,1.005050569,75,2
2036351175-1591784826931,3664,1304,210,0.138705416,487,2.639676113,1.35483871,1,2,3,2.881662788,1,1,2,0.60023735,52,2
2036360405-1591008933141,2159,833,149,0.151731161,397,2.146907216,1.460784314,1,2,3,1.716786169,1,1,2,0.940524065,36,2
2036361183-1604118858321,3892,1034,759,0.423312883,376,3.602787456,3.285714286,1,2,4,4.346334269,1,2,3.5,4.081316314,37,2
2036361712-1617591247307,2771,487,548,0.529468599,383,2.126637555,2.099616858,1,1,2,1.73373078,1,1,2,2.172741942,38,0
2062556919-1616501404114,770,294,92,0.238341969,165,1.73964497,1.769230769,1,1,2,1.156102799,1,1,2,1.436436012,17,2
2062559428-1618055591016,4035,1643,545,0.249085923,311,6.761316872,1.847457627,1,1,2,23.51174811,1,1,2,1.229091243,47,2
2062559428-1622634874013,2758,1275,287,0.183738796,471,2.796052632,2.094890511,1,2,4,2.540240057,1,1,2,1.889923791,31,2
2062562403-1615375573866,2380,245,298,0.548802947,212,3.402777778,1.839506173,1,2,4,3.191801656,1,1,2,1.847992297,11,0
2062562403-1615549218928,2760,407,257,0.387048193,193,3.839622642,1.976923077,1,2,5.75,4.035879069,1,1,2,2.047745535,19,0
2062562403-1616584726953,3488,830,399,0.32465419,335,3.738738739,1.909090909,1,2,5,3.884559787,1,1,2,1.849210756,19,0
2062562403-1623410875095,5088,988,703,0.415730337,433,3.516014235,2.673003802,1,2,3,4.832249526,1,1,3,2.916050821,27,0
2062563269-1622860991239,3346,1497,331,0.18107221,534,2.912451362,1.770053476,1,2,4,2.900917483,1,1,2,1.313929303,50,2
2062567182-1621772052223,1810,661,131,0.16540404,307,2.295138889,1.505747126,1,1,3,2.041309611,1,1,2,0.998528723,26,2
2062567736-1615983676550,1533,694,149,0.176749703,258,2.915966387,3.104166667,1,2,3,3.568686676,1,1,4.25,3.217238034,7,2
2062578239-1617281615789,3962,863,1223,0.586289549,620,2.377410468,2.711751663,1,2,3,2.214526854,1,2,3,2.704123483,78,0
2062578239-1617627573290,3356,889,921,0.508839779,537,2.693939394,2.516393443,1,2,3,2.452024707,1,2,3,2.346318386,77,0
2062581293-1591094081034,5583,2701,345,0.113263296,1149,2.453224342,1.480686695,1,2,3,1.858357303,1,1,2,0.919527357,65,2
2062582658-1591012165457,6240,1475,915,0.382845188,547,2.741635688,3.363970588,1,2,3,2.403863805,1,1,3,5.247022319,63,2
2062583510-1591789906662,613,256,68,0.209876543,116,2.327272727,1.283018868,1,2,2,2.163538941,1,1,1,0.689965397,18,2
2064044659-1617107637912,5395,2238,1299,0.36726039,701,3.552380952,5.034883721,1,2,4,3.568492093,1,2,4,8.353727947,50,2
2064050370-1592305386580,8573,2046,1522,0.426569507,892,2.273333333,1.784290739,1,2,2,2.109030322,1,1,2,1.690316766,180,2
2064057456-1591700316571,7825,2536,2038,0.445561871,1096,3.066505441,3.106707317,1,2,4,3.043538426,1,2,4,3.265019432,102,2
2064058014-1617280739646,2559,569,375,0.397245763,448,1.374396135,1.237623762,1,1,2,0.588362934,1,1,1,0.449027976,124,2
2064061348-1620912572042,2622,1032,253,0.19688716,428,2.377880184,1.721088435,1,2,3,2.136252384,1,1,2,1.456126937,55,2
2064064441-1606551337584,611,243,49,0.167808219,92,2.7,1.441176471,1,2,3,2.47889972,1,1,2,0.746351793,11,2
2064075369-1615717573169,2449,559,338,0.376811594,291,2.529411765,2.1125,1,2,3,2.141642131,1,2,3,1.457953679,28,0
2064079000-1617710579863,4409,911,251,0.216006885,445,2.455525606,1.859259259,1,2,3,2.105344661,1,1,2,1.635259635,30,0
2064085440-1618488538263,2160,725,171,0.190848214,370,1.835443038,1.3359375,1,2,2,1.022964486,1,1,2,0.618320608,46,2
2064092347-1616591858574,3222,1152,395,0.255332902,599,2.079422383,1.73245614,1,2,3,1.452381853,1,1,2,1.3774135,63,2
2064092756-1619437413573,3091,1100,481,0.304237824,284,4.044117647,4.580952381,1,3,5,4.156296334,1,1,3,9.726827446,29,2
2064097051-1617272732403,2850,1357,139,0.092914439,603,2.228243021,1.263636364,1,2,3,1.626908909,1,1,1,0.672899692,38,2
2064109703-1608723834015,6747,2763,880,0.241559155,1215,2.567843866,1.900647948,1,2,3,2.495399935,1,1,2,2.289364553,142,2
2064111328-1620909893778,817,337,51,0.131443299,161,2.217105263,1.457142857,1,2,3,1.698919653,1,1,1.5,1.010033696,13,2
2064112955-1617408997911,2698,240,808,0.770992366,366,2.962962963,2.362573099,1,2,4,3.214982288,1,2,3,1.94878783,11,0
2064112955-1618619060361,5995,755,1449,0.657441016,801,2.163323782,1.942359249,1,1,2,2.164028375,1,1,2,1.421088272,90,0
2064113399-1591010532130,4811,1662,708,0.298734177,673,2.347457627,2.261980831,1,2,3,1.973847908,1,1,2,2.233570767,115,2
2064113399-1591354958421,4519,1774,744,0.295472597,610,3.074523397,2.828897338,1,2,4,3.047025956,1,2,3,3.404812703,43,2
2064113399-1591701853940,3676,1307,228,0.148534202,600,2.045383412,1.425,1,1,2,1.57253259,1,1,2,0.894075539,53,2
2064113399-1592306172573,6425,2299,771,0.251140065,837,3.009162304,2.190340909,1,2,4,3.468815553,1,1,2,2.504837007,76,2
2064115117-1592138235,3889,1144,494,0.301587302,619,1.945578231,1.715277778,1,2,2,1.489462421,1,1,2,1.344303736,91,2
2064115125-1591095484158,1943,856,121,0.123848516,309,2.675,1.44047619,1,2,3,2.417413317,1,1,2,0.796849073,33,2
2064115393-1604711315832,6415,603,474,0.440111421,307,2.68,2.755813953,1,2,3,2.155723279,1,2,3,3.121088603,44,0
2064115393-1605942068112,8148,734,378,0.339928058,397,1.588744589,1.35,1,1,2,0.949781881,1,1,2,0.585671198,100,0
2064116154-1618732203,1141,284,232,0.449612403,140,2.427350427,2.864197531,1,2,3,1.908764898,1,2,4,1.979602778,23,0
2064118491-1591009845,2099,818,147,0.152331606,285,2.297752809,1.256410256,1,2,3,2.120615246,1,1,1,0.511148911,45,2
2064118609-1617538656992,2926,387,659,0.63001912,370,2.512987013,2.362007168,1,2,3,2.196958721,1,2,3,1.934574922,25,0
2064118609-1618233122857,1489,117,352,0.750533049,175,2.4375,2.514285714,1,2,3,2.457348943,1,2,3,2.554402926,7,0
2064119477-1619259348674,2780,1394,393,0.219921656,469,2.833333333,4.792682927,1,2,4,2.485122057,1,1,1.75,17.39429295,40,2
2064119957-1618727594853,3942,1556,424,0.214141414,605,3.00967118,2.068292683,1,2,4,2.901133047,1,2,2,1.380969932,34,2
2064121473-1607337680057,3728,771,37,0.045792079,262,3.381578947,1.37037037,1,2,4,3.816150834,1,1,1.5,0.741523803,3,0
2064121563-1617100476049,2241,959,265,0.216503268,374,2.906060606,1.815068493,1,2,4,2.745589377,1,1,2,1.531298411,60,2
2064121981-1623586503,3624,483,694,0.589634664,336,3.354166667,2.798387097,1,2,4,3.676553475,1,2,4,2.735224831,13,0
2064122872-1617196744315,2322,731,301,0.291666667,345,2.088571429,1.700564972,1,2,3,1.609654153,1,1,2,1.079588367,46,2
2064123224-1617103838498,2111,625,312,0.332977588,350,2.009646302,1.485714286,1,1,2,1.605405246,1,1,2,0.78398181,56,2
2064123844-1592123686782,3739,1475,531,0.264705882,449,3.97574124,2.391891892,1,3,5,3.6290054,1,2,3,2.32720037,60,2
2064124384-1621343049,878,263,199,0.430735931,142,1.765100671,2.4875,1,1,2,1.061546945,1,1,2.25,3.121966882,21,2
2064128619-1617625174,1980,593,281,0.321510297,258,2.272030651,1.614942529,1,1,3,2.1623401,1,1,2,0.934877042,55,2
2064128787-1615720111487,5769,2379,226,0.086756238,815,2.84569378,2.378947368,1,2,3,3.029810867,1,1,3,2.476179914,19,2
2064131233-1621514656361,2862,1074,215,0.166795966,531,2.152304609,1.272189349,1,2,3,1.740392359,1,1,1,0.721602425,72,2
2064132718-1618659341714,1866,835,230,0.215962441,245,3.614718615,3.23943662,1,3,5,3.151748967,1,1,4,3.327224449,14,2
2064134613-1616501787440,1499,624,129,0.171314741,280,2.354716981,1.592592593,1,2,3,1.901610764,1,1,2,1.058038017,20,2
2064134950-1619008386,1434,502,196,0.280802292,228,2.201754386,1.462686567,1,2,3,1.749410597,1,1,1,1.242461276,42,2
2064136708-1606905680674,3516,1098,366,0.25,480,2.711111111,1.293286219,1,2,3,2.650051373,1,1,1,0.721152653,47,2
2064138019-1617018446,2500,1194,290,0.19541779,447,2.770301624,2.164179104,1,2,4,2.340870371,1,1,2,2.356223657,54,2
2064139175-1591013059839,3084,1322,296,0.182941904,499,2.58203125,1.720930233,1,2,3,2.728609994,1,1,2,1.308104855,60,2
2064139175-1591271406838,4307,1588,418,0.208374875,638,2.573743922,1.833333333,1,2,3,2.397541575,1,1,2,1.556097381,70,2
2064139559-1619258078,11689,3726,1825,0.328769591,1897,2.236494598,3.173913043,1,1,3,2.150608703,1,1,3,5.647701376,146,2
2064139880-1618124259,6064,1440,1855,0.562974203,697,3.529411765,3.601941748,1,2,4,3.969678398,1,2,4,4.392556061,122,0
2064139880-1618835377,5410,1081,1635,0.601988218,737,2.994459834,2.843478261,1,2,3,3.772704939,1,2,3,3.290762343,47,0
2064141998-1591013363080,1688,649,115,0.15052356,259,2.575396825,1.666666667,1,2,3,2.18612745,1,1,2,1.208629105,21,2
2064142589-1616669238138,1130,611,61,0.09077381,206,2.841860465,1.29787234,1,2,4,2.350803458,1,1,1,0.586622374,18,2
2064142619-1620103355100,7691,1525,389,0.203239289,511,3.329694323,2.446540881,1,2,4,3.482754059,1,2,3,2.094742662,16,0
2064142619-1621042378739,4063,326,61,0.157622739,62,6.52,2.259259259,1,2.5,9,7.140685384,1,2,3,1.375404628,0,0
2064146337-1591007995644,5035,1427,811,0.362377122,733,2.015536723,1.631790744,1,1,2,1.588870902,1,1,2,0.904310585,129,2
2064146337-1604709336222,4795,869,653,0.429040736,458,1.979498861,1.779291553,1,2,2,1.67632963,1,2,2,1.160745257,89,0
2064146337-1604714477621,5001,1053,715,0.404411765,534,2.19375,1.838046272,1,2,2,2.21259502,1,1,2,1.324624937,84,0
2064146337-1606299777145,8754,631,1755,0.735540654,830,2.894495413,2.166666667,1,1,2,4.696588327,1,2,2,1.935454131,58,0
2064146975-1617105229068,5106,1691,904,0.348362235,933,2.001183432,1.804391218,1,1,2,1.573250483,1,1,2,2.015356216,173,2
2064151024-1617111074344,1856,707,161,0.185483871,314,2.097922849,1.387931034,1,2,2,1.81574508,1,1,1,1.077610494,33,2
2064155878-1616916576814,1389,382,228,0.373770492,217,2.850746269,1.561643836,1,2,4,2.478501435,1,1,2,0.95392187,21,2
2064162864-1598954653665,1446,580,118,0.169054441,257,2.406639004,1.616438356,1,2,3,2.717343508,1,1,2,1.022390132,16,0
2064162864-1598956175061,805,310,69,0.182058047,172,1.9375,1.568181818,1,1,2,1.55279217,1,1,1,1.24634773,16,0
2064162864-1598957068743,848,166,182,0.522988506,74,7.217391304,2.71641791,1,2,6,11.40556691,1,2,3,2.221151559,1,0
2064162864-1598958178336,4155,1635,357,0.179216867,584,3.516129032,2.04,1,2,4,3.798289381,1,1,2,2.560441772,15,0
2064162864-1599048386337,5417,2305,298,0.114483289,955,2.607466063,1.619565217,1,2,3,2.396862503,1,1,2,1.397440215,32,0
2064162864-1599384250424,3515,1387,354,0.203331419,513,3.188505747,2.158536585,1,2,4,4.016825938,1,1,2,1.934317224,16,0
2064162864-1599567457751,650,232,52,0.183098592,77,3.866666667,2.166666667,1.75,3,5,3.693634775,1,1,2,2.496374182,0,0
2064162864-1599568568245,4263,1088,262,0.194074074,726,1.721518987,1.505747126,1,1,2,1.281952837,1,1,2,1.024255694,37,0
2064162864-1599650305257,2416,950,240,0.201680672,468,2.261904762,2.105263158,1,2,3,1.975500587,1,1,2,2.088181752,28,0
2064162864-1599653389370,1960,747,175,0.189804772,362,2.203539823,1.666666667,1,1,2,2.347701729,1,1,2,1.471960144,32,0
2064162864-1599895970366,3342,1207,411,0.254017305,482,2.936739659,2.834482759,1,2,4,2.869671194,1,1,3,4.038037534,14,0
2064162864-1599899841215,3391,771,779,0.502580645,401,6.217741935,2.382262997,1,3,8,7.879747101,1,2,3,2.385550267,16,0
2064162864-1600080401386,4096,1703,474,0.217730822,626,3.585263158,2.204651163,1,2,4.5,4.154530048,1,1,2,2.341214787,23,0
2064162864-1600168054171,3840,1490,386,0.20575693,436,4.950166113,2.086486486,1,3,6,5.672228396,1,1,2,2.241670835,14,0
2064162864-1600252304332,3827,1748,247,0.123809524,580,3.219152855,1.857142857,1,2,4,3.306853224,1,1,2,2.700008017,32,0
2064162864-1600598134706,3005,1327,175,0.116511318,614,2.399638336,1.732673267,1,2,3,1.989410338,1,1,2,1.810475568,22,0
2064162864-1600686689797,3644,1654,162,0.089207048,680,2.572317263,1.653061224,1,2,3,2.433984224,1,1,2,1.850617288,23,0
2064162864-1600773313653,3600,1699,202,0.106259863,651,2.822259136,1.87037037,1,2,3,2.776770089,1,1,2,2.679421728,28,0
2064165856-1604923342166,5354,503,272,0.350967742,272,2.225663717,1.416666667,1,1,2,4.905095378,1,1,2,0.761187646,52,0
2064166647-1617796073399,5412,1257,460,0.267909144,435,3.239690722,2.486486486,1,2,4,3.596117905,1,1,3,2.991124749,34,0
2064166647-1618833776985,5173,990,469,0.32145305,309,3.152866242,3.81300813,1,2,4,3.420788925,1,1,4,6.575350883,21,0
2064166647-1619005577668,4789,1089,444,0.28962818,337,3.821052632,3.062068966,1,2,4,4.304384304,1,1,3,3.967263067,22,0
2064166647-1619437852015,5353,876,394,0.31023622,289,3.34351145,2.736111111,1,2,4,4.042439596,1,1,3,3.273086076,24,0
2064168124-1617107719236,2044,816,566,0.409551375,277,3.626666667,5.099099099,1,3,5,2.96003137,1,3,7,5.62293187,15,2
2064169745-1617435631522,4915,1435,939,0.395534962,748,2.367986799,1.765037594,1,2,3,2.058218336,1,1,2,1.269391731,74,2
2064173741-1621690858035,3496,971,292,0.231195566,483,2.172259508,1.106060606,1,1,2,2.429146641,1,1,1,0.354387508,62,2
2064176827-1617710503319,4176,1507,561,0.271276596,471,3.914285714,2.763546798,1,3,5,3.677129283,1,2,3,3.302152198,33,2
2064178094-1616761829483,4442,1994,510,0.203674121,640,3.317803661,2.512315271,1,2,4,3.075792446,1,1,3,2.844761741,59,2
2064178094-1616832211702,5167,2098,737,0.259964727,649,3.183611533,1.788834951,1,2,4,3.186880163,1,1,2,1.178299984,92,2
2064178470-1618053388,2335,778,504,0.393135725,398,2.729824561,2.482758621,1,2,4,1.838742386,1,2,3,2.056972753,55,2
2064179325-1620650972009,2919,1208,611,0.335898846,414,2.835680751,3.024752475,1,2,3,2.741617235,1,2,4,3.284878848,62,2
2064179646-1618737830413,2751,1080,170,0.136,420,2.827225131,1.205673759,1,2,4,2.651497303,1,1,1,0.528038561,25,2
2064180098-1621667675178,2593,818,101,0.109902067,352,2.412979351,1.188235294,1,2,3,2.267719765,1,1,1,0.449712015,20,2
2064182101-1607825203042,3543,446,462,0.508810573,257,3.74789916,2.119266055,1,2,4.5,4.117384573,1,1,2,2.580411037,28,0
2064188205-1598954782110,948,412,94,0.185770751,114,4.039215686,2.043478261,2,2.5,5,4.195522292,1,1,3,1.490063708,10,2
2064188476-1617622747619,1488,631,146,0.187902188,229,2.816964286,1.802469136,1,2,3,2.771973391,1,1,2,1.983807911,23,2
2064188500-1616758341997,8116,1220,58,0.045383412,304,3.436619718,1.380952381,1,1,3,4.840193051,1,1,2,0.66083395,9,0
2064190447-1617453687811,4400,1757,274,0.134908912,785,2.293733681,1.522222222,1,2,3,1.802289728,1,1,2,0.98284478,58,2
2064190835-1591271582326,4269,1559,414,0.209832742,659,2.394777266,1.478571429,1,2,3,2.109882331,1,1,1,1.070743936,102,2
2064193139-1618127368144,3354,228,155,0.404699739,207,1.157360406,1.107142857,1,1,1,0.429295979,1,1,1,0.310405364,51,0
2064196472-1617024551801,1933,810,170,0.173469388,326,2.53125,1.75257732,1,2,3,2.435170396,1,1,2,1.36191446,32,2
2064200830-1604926723724,3310,1262,802,0.388565891,557,2.928074246,3.157480315,1,2,4,2.634639687,2,3,4,2.319960463,70,0
2064201565-1615814884549,1915,742,197,0.209797657,327,2.340694006,1.601626016,1,2,3,2.013565582,1,1,2,1.239644564,47,2
2064202072-1616291745761,5736,1256,332,0.20906801,385,2.457925636,1.360655738,1,2,3,1.733660641,1,1,2,0.775823723,82,0
2064202072-1616312103910,2364,533,216,0.288384513,200,4.1,2.018691589,1,3,5,4.0440405,1,1,2,1.764328449,10,0
2064209879-1615898910980,3811,1512,195,0.114235501,625,2.532663317,1.455223881,1,2,3,2.462678831,1,1,2,0.846182686,40,2
2064210228-1617497809,6031,1278,1289,0.502142579,819,1.501762632,1.68938401,1,1,2,0.977841173,1,1,2,2.123294131,233,2
2064211094-1591094226918,3022,904,376,0.29375,398,2.825,1.852216749,1,2,4,2.208703218,1,1,2,1.315495055,44,2
2064213368-1608446717004,3724,1639,301,0.155154639,597,3.052141527,2.508333333,1,2,4,2.608303345,1,1,2,4.250547831,20,2
2064223233-1599131713826,366,163,18,0.099447514,63,2.362318841,1.636363636,1,1,2,2.229290407,1,1,2,1.026910636,4,2
2064233676-1617367773064,4134,1916,267,0.122308749,856,2.235705951,1.5,1,2,3,1.685696907,1,1,2,0.987206296,63,2
2064238494-1591783285719,1280,415,139,0.250902527,221,1.869369369,1.404040404,1,2,2,1.190482072,1,1,2,0.781406267,33,2
2080935822-1617618968610,2922,1165,501,0.300720288,388,3.148648649,2.443902439,1,2,4,2.771723425,1,2,3,2.366644102,75,2
2080944870-1607258191797,3996,102,83,0.448648649,97,1.436619718,1.406779661,1,1,2,0.553750701,1,1,2,0.495449781,22,0
2080945292-1617433860280,4436,1703,741,0.303191489,723,2.497067449,2.160349854,1,2,3,2.035115418,1,1,3,1.843417845,93,2
2080948496-1601084919708,1000,402,68,0.144680851,177,2.258426966,1.387755102,1,1,3,2.02820836,1,1,2,0.730762345,21,2
2080953199-1615549191212,1596,771,85,0.099299065,313,2.695804196,1.770833333,1,2,3,2.599956116,1,1,2,1.308557486,3,2
2080978907-1620393591,2426,818,307,0.272888889,350,2.234972678,1.512315271,1,1,3,2.055258774,1,1,2,0.940610745,57,2
2080990452-1615980027796,3479,1606,692,0.301131419,505,3.717592593,2.498194946,1,3,5,3.034047436,1,1,3,3.023608254,116,2
2080991459-1618115896747,5416,1430,352,0.197530864,533,3.199105145,1.76,1,2,4,3.813264447,1,1,2,1.364444408,36,0
2080999354-1620646644557,1252,557,38,0.063865546,278,2.101886792,1.52,1,2,3,1.479978829,1,1,2,0.822597512,10,2
2081006640-1617616772355,3785,1206,286,0.191689008,600,1.970588235,1.305936073,1,1,2,1.720898116,1,1,2,0.535450951,86,2
2081006683-1605784884594,5181,649,1383,0.680610236,805,1.142605634,1.428719008,1,1,1,0.414569205,1,1,2,0.807847761,252,0
2081008346-1604921990823,4995,730,1665,0.69519833,801,1.233108108,1.68012109,1,1,1,0.693004788,1,1,2,1.051020853,275,0
2081008695-1607136897237,3304,1083,446,0.291693918,370,3.130057803,2.275510204,1,2,4,3.599978824,1,1,2,2.879745759,64,2
2081009344-1606039162613,3777,1749,339,0.162356322,572,3.484063745,2.337931034,1,2,4,4.084284791,1,1,2,4.259337275,27,2
2081010288-1615901177240,1784,706,177,0.200453001,282,2.503546099,1.669811321,1,2,3,2.009316782,1,1,2,1.262813926,26,2
2081010836-1618746499017,844,275,170,0.382022472,99,2.722772277,1.91011236,1,2,2,3.470212708,1,2,2,1.114373544,26,2
2081011010-1601125161304,2865,927,652,0.412919569,479,2.140877598,1.806094183,1,1,2,2.230058994,1,1,1,2.670011752,126,2
2081013643-1617277484,1830,685,237,0.257049892,382,1.897506925,1.410714286,1,1,2,1.357292808,1,1,1,0.956104604,64,2
2081016268-1615892296626,3872,1795,738,0.291354126,636,3.116319444,1.902061856,1,2,4,2.574526245,1,1,2,1.319970196,165,2
2081017511-1617194397178,2297,1071,409,0.276351351,332,3.432692308,8.18,1,2,4,3.574915527,1,2,6.75,13.93525847,15,2
2081018077-1621430674422,1117,330,172,0.342629482,149,2.244897959,1.387096774,1,2,3,1.935932173,1,1,2,0.762000762,32,2
2081020424-1617106666,5433,2503,631,0.20134014,1195,2.155900086,1.802857143,1,2,3,1.681230585,1,1,2,1.828927961,186,2
2081020424-1617283615,2039,979,262,0.211120064,388,2.478481013,2.568627451,1,2,3,1.985075718,1,1,2,3.31963795,35,2
2081022470-1618836583403,1842,394,554,0.584388186,197,6.15625,3.094972067,2,3.5,8,7.466791559,1,2,4,3.040351727,3,0
2081024542-1621125408,3924,1404,448,0.241900648,546,2.429065744,1.709923664,1,2,3,2.255588744,1,1,2,1.174365727,65,2
2081030971-1605177826,5169,2156,570,0.209097579,907,2.41163311,1.637931034,1,2,3,2.014649321,1,1,2,1.426770916,115,2
2081032644-1621344932,473,190,65,0.254901961,91,2.134831461,1.805555556,1,1,2,1.865908329,1,1,2,1.769898212,17,2
2081032898-1621734236436,1273,559,121,0.177941176,202,3.140449438,2.37254902,1,2,4,2.78564598,1,1,3,2.208717133,11,2
2081032955-1601121715413,2941,1186,495,0.294467579,486,2.496842105,2.911764706,1,1,3,2.457548976,1,1,2,4.731661248,55,2
2081033622-1616294399591,586,172,81,0.320158103,93,2.263157895,1.928571429,1,2,3,1.913937798,1,1,2,2.351884114,10,0
2081033841-1617714207047,2153,619,790,0.560681334,301,3.095,4.22459893,1,2,5,2.231788385,1,2,4,6.215038493,55,2
2081036554-1617426940,3637,1266,480,0.274914089,600,2.167808219,1.714285714,1,2,3,1.94414051,1,1,2,1.903724756,83,2
2081036943-1617444416635,6730,657,607,0.480221519,452,2.265517241,1.896875,1,2,3,1.813592634,1,1,2,1.701554586,46,0
2081037666-1617106833,4754,1642,1585,0.491168268,614,3.577342048,5.914179104,1,2,4.5,3.408826316,2,4,7.25,6.291015566,51,0
2081037755-1617194205007,3998,1585,464,0.226451928,685,2.515873016,1.909465021,1,2,3,1.996555567,1,1,2,1.307967053,61,2
2081037755-1623323383239,5423,811,341,0.296006944,395,2.350724638,2.118012422,1,2,3,2.173146309,1,2,3,1.433435044,39,0
2081037755-1624795297072,2769,314,126,0.286363636,160,2.396946565,1.657894737,1,1,2,2.507463902,1,1,2,0.945905303,19,0
2081040479-1615463613009,3399,280,468,0.625668449,291,2.916666667,2,1,2,4,2.658320272,1,1,2,1.644342623,17,0
2081040479-1616152447034,1900,246,225,0.477707006,176,2.46,2.25,1,1,2,2.844168232,1,2,3,1.940399834,6,0
2081040479-1616154529768,1869,227,233,0.506521739,193,2.948051948,1.688405797,1,2,4,2.665057044,1,1,2,1.051941026,9,0
2081041488-1606997445,3349,452,664,0.594982079,444,1.399380805,1.715762274,1,1,1,1.18148222,1,1,2,1.951971137,80,0
2081043636-1617195667038,1965,738,259,0.259779338,307,2.451827243,2.232758621,1,2,3,2.344178246,1,1,3,2.078284236,24,2
2081043685-1619848802012,2619,843,212,0.200947867,248,4.279187817,1.709677419,1,2,6,4.761476292,1,1,2,1.5289839,20,2
2081046756-1616331299165,3106,873,410,0.319563523,449,2.113801453,1.553030303,1,2,2,1.795119686,1,1,2,1.094850678,86,2
2081048508-1617105731479,2330,1140,154,0.119010819,487,2.47826087,1.87804878,1,2,3,2.680837596,1,1,2,1.299479895,39,2
2081049815-1617432515593,2661,1027,241,0.190063091,418,2.52955665,1.50625,1,2,3,2.08293793,1,1,2,0.8087328,51,2
2081050697-1617277943141,2702,1016,235,0.18784972,457,2.242825607,1.740740741,1,2,3,1.70844414,1,1,2,1.309910348,40,2
2081050853-1616757848,4213,1516,383,0.201685097,611,2.60929432,1.773148148,1,2,3,2.520368682,1,1,2,1.566931914,56,2
2081054199-1617455901,2521,1090,495,0.312302839,392,3.044692737,2.877906977,1,2,4,2.934048606,1,2,3,3.305529699,56,2
2081058018-1605617985,860,341,270,0.441898527,120,3.41,3.333333333,1,2,4,3.69300458,1,3,4,2.678619047,27,0
2081058018-1605702705,244,54,88,0.61971831,36,2.25,2.666666667,1,2,2,1.621861518,2,2,3,1.670828138,14,0
2081058018-1605791912,1928,547,488,0.471497585,301,2.790816327,2.323809524,1,2,3,3.92521335,1,2,3,2.628497626,46,0
2081058018-1606049640,290,82,79,0.49068323,56,2.411764706,1.926829268,1,2,3,1.616536647,1,2,2,1.034172227,15,0
2081058018-1606049976,1668,441,474,0.518032787,241,2.505681818,2.890243902,1,2,3,2.810179779,1,2,4,2.136484685,46,0
2081058018-1606130867,3433,744,1092,0.594771242,570,2.113636364,2.545454545,1,1,2,2.043302272,1,2,3,2.178035875,80,0
2081058018-1606303863,385,97,134,0.58008658,67,2.108695652,2.85106383,1,2,2.75,1.728560877,1,3,4,1.781288291,15,0
2081058018-1606308930,1652,298,602,0.668888889,308,2.191176471,2.360784314,1,1,2,2.252618907,1,2,3,1.730695372,33,0
2081058018-1606310630,958,266,372,0.5830721,164,2.254237288,2.735294118,1,1,3,1.715621742,1,2,4,1.793962278,48,0
2081058018-1606387422453,419,130,155,0.543859649,66,2.549019608,2.980769231,1,2,3.5,1.931980595,2,2.5,3.25,2.033931618,19,0
2081058018-1606558069,10912,433,1862,0.811328976,901,1.609665428,2.106334842,1,1,2,1.335528949,1,1,3,1.737601126,62,0
2081058018-1606736251,763,96,217,0.693290735,84,1.92,2.552941176,1,1,2,2.088256767,1,2,3,1.822517113,19,0
2081058018-1606742548,622,198,200,0.502512563,106,2.675675676,2.777777778,1,2,3,3.260843273,1,2,4,2.208958854,23,0
2081058018-1606910982341,786,95,149,0.610655738,81,2.375,1.886075949,1,2,3,2.180184655,1,1,2,1.544114897,6,0
2081058018-1607337269,1080,191,177,0.480978261,123,2.808823529,2.298701299,1,2,3,4.7229429,1,2,3,1.451541241,11,0
2081058018-1607606960825,468,76,65,0.460992908,78,1.652173913,1.274509804,1,1,2,1.079452357,1,1,1,0.602608708,1,0
2081058018-1607693919234,1703,304,608,0.666666667,269,2.082191781,2.702222222,1,1,2,1.821355499,1,2,4,2.344302448,38,0
2081058018-1607951464590,997,147,70,0.322580645,63,2.773584906,1.489361702,1,2,3,2.825988659,1,1,2,0.830723635,6,0
2081058018-1608115110430,623,89,127,0.587962963,89,1.893617021,1.814285714,1,2,2,1.237705496,1,1,2,1.386193382,8,0
2081061929-1615373191123,2030,113,247,0.686111111,264,1.056074766,1.306878307,1,1,1,0.301936383,1,1,1,0.677138292,15,0
2081061929-1615375246760,2866,547,455,0.454091816,414,1.576368876,1.453674121,1,1,2,0.9103233,1,1,2,0.634424519,98,0
2081061929-1615458137996,1120,97,130,0.572687225,187,1.347222222,1.3,1,1,1,0.715221274,1,1,1,0.689019212,8,0
2081061929-1615623800856,2254,899,605,0.402260638,295,3.977876106,3.086734694,1,2,5,4.440665306,1,2,4,3.153773084,58,0
2081061929-1615636847862,493,85,211,0.712837838,76,1.847826087,3.014285714,1,1,2,1.563008371,1,2,4,2.662094942,22,0
2081061929-1615688492714,3064,336,300,0.471698113,421,1.4,1.293103448,1,1,2,0.619082869,1,1,2,0.51835974,53,0
2081061929-1615691943006,1831,490,290,0.371794872,281,2.130434783,1.542553191,1,2,2,1.92669928,1,1,2,0.664853224,56,0
2081061929-1615701710995,2220,528,804,0.603603604,313,3.384615385,3.033962264,1,2,3,5.271299697,1,2,4,2.867460034,28,0
2081061929-1616208506778,4477,762,729,0.488933602,509,1.365591398,1.388571429,1,1,2,0.52482254,1,1,2,0.507071047,201,0
2081061929-1616235773510,2465,375,929,0.712423313,364,1.712328767,2.977564103,1,1,2,1.31134204,1,2,4,2.143443565,70,0
2081061929-1617189335699,2624,968,271,0.218724778,448,2.086206897,1.375634518,1,2,3,1.494808673,1,1,2,0.647613538,70,2
2081061929-1617276119802,7264,1302,2354,0.643873085,979,2.568047337,2.740395809,1,2,3,2.89554734,1,2,3,2.904683997,103,0
2081061929-1617369158459,2868,657,909,0.58045977,355,3.352040816,3.293478261,1,2,3,4.121680752,1,2,4,3.115491066,57,0
2081061929-1617516126505,2087,338,590,0.635775862,348,1.836956522,2.107142857,1,1,2,1.221637116,1,2,3,1.616210128,47,0
2081061929-1617523448031,3063,403,1089,0.729892761,449,2.264044944,2.599045346,1,1,2,3.224719046,1,2,3,2.407444404,37,0
2081061929-1617536792113,2680,345,1048,0.752333094,412,2.24025974,2.840108401,1,2,2,2.444294931,1,2,3,2.380609163,36,0
2081061929-1618031255068,167,48,19,0.28358209,27,2.666666667,1.461538462,1,2,2,3.16227766,1,1,2,0.660225292,1,0
2081061929-1618034012216,629,190,34,0.151785714,73,2.835820896,2,1,2,3,3.236145364,1,1,3,1.224744871,6,0
2081061929-1618139651934,506,49,174,0.780269058,83,1.884615385,2.25974026,1,1,3,1.107318313,1,2,3,1.845354034,8,0
2081061929-1618623214842,3196,542,1275,0.701706109,526,2.53271028,2.678571429,1,2,3,2.484950976,1,2,3,2.300490304,79,0
2081061929-1618655606763,5169,1244,1792,0.590250329,769,2.559670782,2.835443038,1,2,3,2.631987821,1,2,4,2.352085791,185,0
2081063758-1602502684,1568,567,227,0.285894207,264,2.475982533,2.141509434,1,2,3,2.243037868,1,2,2,1.726205192,18,2
2081064248-1602241843,1375,599,102,0.145506419,256,2.386454183,1.854545455,1,2,3,1.894744251,1,1,2,1.282621474,21,2
2081071600-1617275623,2785,981,375,0.276548673,527,2.026859504,1.704545455,1,1.5,2,1.52864358,1,1,2,1.445818178,77,2
2081076255-1606902181482,4233,1539,854,0.356874216,628,2.823853211,2.875420875,1,2,4,2.792153498,1,2,3,3.375383148,74,2
2081092312-1616501418103,656,235,63,0.211409396,136,2.008547009,1.5,1,1,3,1.342255735,1,1,1,1.109823102,11,2
2082355640-1617539454176,5373,2083,412,0.165130261,914,2.286498353,1.543071161,1,2,3,1.923316712,1,1,2,1.440883555,92,2
2082447627-1622545679457,3381,1376,218,0.136762861,557,2.661508704,1.379746835,1,2,3,2.323524798,1,1,2,0.810815387,35,2
